date,prospects_added,outreach_sent,replies_received,calls_booked,proposals_sent,proposals_won,revenue_collected,delivery_hours,mrr,proof_events,governance_checks,notes
2026-05-31,30,0,0,0,0,0,0,0,0,0,1,Initial setup - prospects loaded
2026-06-01,5,10,2,0,0,0,0,0,0,0,1,First outreach batch
2026-06-02,5,10,3,1,0,0,0,0,0,0,1,First discovery call booked
2026-06-03,3,5,2,1,1,0,0,0,0,1,1,First proposal sent (pending approval)
2026-06-04,4,8,1,0,0,0,0,0,0,0,1,Follow-up on proposals
2026-06-05,3,10,2,1,1,0,0,0,0,1,1,Second proposal sent
2026-06-06,0,5,1,0,0,0,0,0,0,0,1,Weekend outreach reduced
2026-06-07,0,0,0,0,0,0,0,0,0,0,1,Weekly review day
2026-06-08,5,12,3,2,1,1,5000,0,0,1,1,FIRST CLIENT WON!
2026-06-09,3,8,2,1,0,0,0,2,0,0,1,Delivery started for first client
2026-06-10,4,10,1,0,0,0,0,4,0,0,1,Delivery Day 2
2026-06-11,3,8,2,1,1,0,0,6,0,1,1,Delivery Day 3
2026-06-12,2,6,1,0,0,0,0,8,0,0,1,Delivery Day 4
2026-06-13,0,4,1,0,0,0,0,10,0,0,1,Delivery Day 5 - Proof Pack ready
2026-06-14,0,0,0,0,0,0,0,0,0,1,1,Executive review scheduled
2026-06-15,5,12,3,2,1,1,7500,0,0,1,1,Second client + upsell discussion
